user_id,name,email
u00000,User1,user1@example.com
u00001,User2,user2@example.com
u00002,User3,user3@example.com
u00003,User4,user4@example.com
u00004,User5,user5@example.com
u00005,User6,user6@example.com
u00006,User7,user7@example.com
u00007,User8,user8@example.com
u00008,User9,user9@example.com
u00009,User10,user10@example.com
u00010,User11,user11@example.com
u00011,User12,user12@example.com
u00012,User13,user13@example.com
u00013,User14,user14@example.com
u00014,User15,user15@example.com
u00015,User16,user16@example.com
u00016,User17,user17@example.com
u00017,User18,user18@example.com
u00018,User19,user19@example.com
u00019,User20,user20@example.com
u00020,User21,user21@example.com
u00021,User22,user22@example.com
u00022,User23,user23@example.com
u00023,User24,user24@example.com
u00024,User25,user25@example.com
u00025,User26,user26@example.com
u00026,User27,user27@example.com
u00027,User28,user28@example.com
u00028,User29,user29@example.com
u00029,User30,user30@example.com
u00030,User31,user31@example.com
u00031,User32,user32@example.com
u00032,User33,user33@example.com
u00033,User34,user34@example.com
u00034,User35,user35@example.com
u00035,User36,user36@example.com
u00036,User37,user37@example.com
u00037,User38,user38@example.com
u00038,User39,user39@example.com
u00039,User40,user40@example.com
u00040,User41,user41@example.com
u00041,User42,user42@example.com
u00042,User43,user43@example.com
u00043,User44,user44@example.com
u00044,User45,user45@example.com
u00045,User46,user46@example.com
u00046,User47,user47@example.com
u00047,User48,user48@example.com
u00048,User49,user49@example.com
u00049,User50,user50@example.com
u00050,User51,user51@example.com
u00051,User52,user52@example.com
u00052,User53,user53@example.com
u00053,User54,user54@example.com
u00054,User55,user55@example.com
u00055,User56,user56@example.com
u00056,User57,user57@example.com
u00057,User58,user58@example.com
u00058,User59,user59@example.com
u00059,User60,user60@example.com
u00060,User61,user61@example.com
u00061,User62,user62@example.com
u00062,User63,user63@example.com
u00063,User64,user64@example.com
u00064,User65,user65@example.com
u00065,User66,user66@example.com
u00066,User67,user67@example.com
u00067,User68,user68@example.com
u00068,User69,user69@example.com
u00069,User70,user70@example.com
u00070,User71,user71@example.com
u00071,User72,user72@example.com
u00072,User73,user73@example.com
u00073,User74,user74@example.com
u00074,User75,user75@example.com
u00075,User76,user76@example.com
u00076,User77,user77@example.com
u00077,User78,user78@example.com
u00078,User79,user79@example.com
u00079,User80,user80@example.com
u00080,User81,user81@example.com
u00081,User82,user82@example.com
u00082,User83,user83@example.com
u00083,User84,user84@example.com
u00084,User85,user85@example.com
u00085,User86,user86@example.com
u00086,User87,user87@example.com
u00087,User88,user88@example.com
u00088,User89,user89@example.com
u00089,User90,user90@example.com
u00090,User91,user91@example.com
u00091,User92,user92@example.com
u00092,User93,user93@example.com
u00093,User94,user94@example.com
u00094,User95,user95@example.com
u00095,User96,user96@example.com
u00096,User97,user97@example.com
u00097,User98,user98@example.com
u00098,User99,user99@example.com
u00099,User100,user100@example.com
u00100,User101,user101@example.com
u00101,User102,user102@example.com
u00102,User103,user103@example.com
u00103,User104,user104@example.com
u00104,User105,user105@example.com
u00105,User106,user106@example.com
u00106,User107,user107@example.com
u00107,User108,user108@example.com
u00108,User109,user109@example.com
u00109,User110,user110@example.com
u00110,User111,user111@example.com
u00111,User112,user112@example.com
u00112,User113,user113@example.com
u00113,User114,user114@example.com
u00114,User115,user115@example.com
u00115,User116,user116@example.com
u00116,User117,user117@example.com
u00117,User118,user118@example.com
u00118,User119,user119@example.com
u00119,User120,user120@example.com
u00120,User121,user121@example.com
u00121,User122,user122@example.com
u00122,User123,user123@example.com
u00123,User124,user124@example.com
u00124,User125,user125@example.com
u00125,User126,user126@example.com
u00126,User127,user127@example.com
u00127,User128,user128@example.com
u00128,User129,user129@example.com
u00129,User130,user130@example.com
u00130,User131,user131@example.com
u00131,User132,user132@example.com
u00132,User133,user133@example.com
u00133,User134,user134@example.com
u00134,User135,user135@example.com
u00135,User136,user136@example.com
u00136,User137,user137@example.com
u00137,User138,user138@example.com
u00138,User139,user139@example.com
u00139,User140,user140@example.com
u00140,User141,user141@example.com
u00141,User142,user142@example.com
u00142,User143,user143@example.com
u00143,User144,user144@example.com
u00144,User145,user145@example.com
u00145,User146,user146@example.com
u00146,User147,user147@example.com
u00147,User148,user148@example.com
u00148,User149,user149@example.com
u00149,User150,user150@example.com
